id,branch_name,branch_id,branch_code,email,mobile_number,gstin,agreement_limit,secondary_mobile_number,secondary_email,state,district,city,address_1,address_2,pin_code,latitude,longitude,range,created_by,created_at,updated_by,updated_at,deleted_at,deleted_by,error_reason,row_number
1,Main Branch,BR001121,MNB001121,main@example112.com,1234567890,22AAAAA0000A1Z5,,919876543210.0,backup@example.com,Maharashtra,Mumbai,Mumbai,"123, Main Street",Near Central Park,400001.0,18.5204,73.8567,1000.0,1,2025-08-29 12:57:27.471258+05:30,,,,0.0,Emp Code Missing | Branch '' not found,2
2,Head Office,NGP1,NAG001,nagpur@berarfinance.com,9876543210,27ABCDE1234F1Z5,5000000.0,9123456789.0,nagpur.secondary@berar.com,Maharashtra,Nagpur,Nagpur,Main Road,Near Square Mall,440001.0,21.1458,79.0882,60.0,1,2025-09-09 19:17:27.658595+05:30,,,,,Emp Code Missing | Branch '' not found,3
4,Akola,1,BR001,branch@berar.com,9000000001,GSTIN001,1000000.0,,,Maharashtra,Akola,Akola,,,0.0,,,,1,2025-09-09 19:27:16.038957+05:30,,,,,Emp Code Missing | Branch '' not found,4
5,Amravati,2,BR002,branch@berar.com,9000000002,GSTIN002,1000000.0,,,Maharashtra,Amravati,Amravati,,,0.0,,,,1,2025-09-09 19:27:16.038957+05:30,,,,,Emp Code Missing | Branch '' not found,5
6,Aurangabad,3,BR003,branch@berar.com,9000000003,GSTIN003,1000000.0,,,Maharashtra,Aurangabad,Aurangabad,,,0.0,,,,1,2025-09-09 19:27:16.038957+05:30,,,,,Emp Code Missing | Branch '' not found,6
7,Bemetara,4,BR004,branch@berar.com,9000000004,GSTIN004,1000000.0,,,Maharashtra,Bemetara,Bemetara,,,0.0,,,,1,2025-09-09 19:27:16.038957+05:30,,,,,Emp Code Missing | Branch '' not found,7
8,Betul,5,BR005,branch@berar.com,9000000005,GSTIN005,1000000.0,,,Maharashtra,Betul,Betul,,,0.0,,,,1,2025-09-09 19:27:16.038957+05:30,,,,,Emp Code Missing | Branch '' not found,8
9,Bilaspur,6,BR006,branch@berar.com,9000000006,GSTIN006,1000000.0,,,Maharashtra,Bilaspur,Bilaspur,,,0.0,,,,1,2025-09-09 19:27:16.038957+05:30,,,,,Emp Code Missing | Branch '' not found,9
10,Buldhana,7,BR007,branch@berar.com,9000000007,GSTIN007,1000000.0,,,Maharashtra,Buldhana,Buldhana,,,0.0,,,,1,2025-09-09 19:27:16.038957+05:30,,,,,Emp Code Missing | Branch '' not found,10
11,Chalisgaon,8,BR008,branch@berar.com,9000000008,GSTIN008,1000000.0,,,Maharashtra,Chalisgaon,Chalisgaon,,,0.0,,,,1,2025-09-09 19:27:16.038957+05:30,,,,,Emp Code Missing | Branch '' not found,11
12,Chhindwara,9,BR009,branch@berar.com,9000000009,GSTIN009,1000000.0,,,Maharashtra,Chhindwara,Chhindwara,,,0.0,,,,1,2025-09-09 19:27:16.038957+05:30,,,,,Emp Code Missing | Branch '' not found,12
13,Dhamtari,10,BR010,branch@berar.com,9000000010,GSTIN010,1000000.0,,,Maharashtra,Dhamtari,Dhamtari,,,0.0,,,,1,2025-09-09 19:27:16.038957+05:30,,,,,Emp Code Missing | Branch '' not found,13
14,Dhule,11,BR011,branch@berar.com,9000000011,GSTIN011,1000000.0,,,Maharashtra,Dhule,Dhule,,,0.0,,,,1,2025-09-09 19:27:16.038957+05:30,,,,,Emp Code Missing | Branch '' not found,14
15,Durg,12,BR012,branch@berar.com,9000000012,GSTIN012,1000000.0,,,Maharashtra,Durg,Durg,,,0.0,,,,1,2025-09-09 19:27:16.038957+05:30,,,,,Emp Code Missing | Branch '' not found,15
16,Jalgaon,13,BR013,branch@berar.com,9000000013,GSTIN013,1000000.0,,,Maharashtra,Jalgaon,Jalgaon,,,0.0,,,,1,2025-09-09 19:27:16.038957+05:30,,,,,Emp Code Missing | Branch '' not found,16
17,Janjgir,14,BR014,branch@berar.com,9000000014,GSTIN014,1000000.0,,,Maharashtra,Janjgir,Janjgir,,,0.0,,,,1,2025-09-09 19:27:16.038957+05:30,,,,,Emp Code Missing | Branch '' not found,17
18,Khamgaon,15,BR015,branch@berar.com,9000000015,GSTIN015,1000000.0,,,Maharashtra,Khamgaon,Khamgaon,,,0.0,,,,1,2025-09-09 19:27:16.038957+05:30,,,,,Emp Code Missing | Branch '' not found,18
19,Latur,16,BR016,branch@berar.com,9000000016,GSTIN016,1000000.0,,,Maharashtra,Latur,Latur,,,0.0,,,,1,2025-09-09 19:27:16.038957+05:30,,,,,Emp Code Missing | Branch '' not found,19
20,Mahasamund,17,BR017,branch@berar.com,9000000017,GSTIN017,1000000.0,,,Maharashtra,Mahasamund,Mahasamund,,,0.0,,,,1,2025-09-09 19:27:16.038957+05:30,,,,,Emp Code Missing | Branch '' not found,20
21,Manmad,18,BR018,branch@berar.com,9000000018,GSTIN018,1000000.0,,,Maharashtra,Manmad,Manmad,,,0.0,,,,1,2025-09-09 19:27:16.038957+05:30,,,,,Emp Code Missing | Branch '' not found,21
22,Nanded,19,BR019,branch@berar.com,9000000019,GSTIN019,1000000.0,,,Maharashtra,Nanded,Nanded,,,0.0,,,,1,2025-09-09 19:27:16.038957+05:30,,,,,Emp Code Missing | Branch '' not found,22
23,Nashik,20,BR020,branch@berar.com,9000000020,GSTIN020,1000000.0,,,Maharashtra,Nashik,Nashik,,,0.0,,,,1,2025-09-09 19:27:16.038957+05:30,,,,,Emp Code Missing | Branch '' not found,23
24,Pandharpur,21,BR021,branch@berar.com,9000000021,GSTIN021,1000000.0,,,Maharashtra,Pandharpur,Pandharpur,,,0.0,,,,1,2025-09-09 19:27:16.038957+05:30,,,,,Emp Code Missing | Branch '' not found,24
25,Paratwada,22,BR022,branch@berar.com,9000000022,GSTIN022,1000000.0,,,Maharashtra,Paratwada,Paratwada,,,0.0,,,,1,2025-09-09 19:27:16.038957+05:30,,,,,Emp Code Missing | Branch '' not found,25
26,Parbhani,23,BR023,branch@berar.com,9000000023,GSTIN023,1000000.0,,,Maharashtra,Parbhani,Parbhani,,,0.0,,,,1,2025-09-09 19:27:16.038957+05:30,,,,,Emp Code Missing | Branch '' not found,26
27,Pune,24,BR024,branch@berar.com,9000000024,GSTIN024,1000000.0,,,Maharashtra,Pune,Pune,,,0.0,,,,1,2025-09-09 19:27:16.038957+05:30,,,,,Emp Code Missing | Branch '' not found,27
28,Pusad,25,BR025,branch@berar.com,9000000025,GSTIN025,1000000.0,,,Maharashtra,Pusad,Pusad,,,0.0,,,,1,2025-09-09 19:27:16.038957+05:30,,,,,Emp Code Missing | Branch '' not found,28
29,Raipur,26,BR026,branch@berar.com,9000000026,GSTIN026,1000000.0,,,Maharashtra,Raipur,Raipur,,,0.0,,,,1,2025-09-09 19:27:16.038957+05:30,,,,,Emp Code Missing | Branch '' not found,29
30,Sangli,27,BR027,branch@berar.com,9000000027,GSTIN027,1000000.0,,,Maharashtra,Sangli,Sangli,,,0.0,,,,1,2025-09-09 19:27:16.038957+05:30,,,,,Emp Code Missing | Branch '' not found,30
31,Saraipali,28,BR028,branch@berar.com,9000000028,GSTIN028,1000000.0,,,Maharashtra,Saraipali,Saraipali,,,0.0,,,,1,2025-09-09 19:27:16.038957+05:30,,,,,Emp Code Missing | Branch '' not found,31
32,Seoni,29,BR029,branch@berar.com,9000000029,GSTIN029,1000000.0,,,Maharashtra,Seoni,Seoni,,,0.0,,,,1,2025-09-09 19:27:16.038957+05:30,,,,,Emp Code Missing | Branch '' not found,32
33,Solapur,30,BR030,branch@berar.com,9000000030,GSTIN030,1000000.0,,,Maharashtra,Solapur,Solapur,,,0.0,,,,1,2025-09-09 19:27:16.038957+05:30,,,,,Emp Code Missing | Branch '' not found,33
34,Udgir,31,BR031,branch@berar.com,9000000031,GSTIN031,1000000.0,,,Maharashtra,Udgir,Udgir,,,0.0,,,,1,2025-09-09 19:27:16.038957+05:30,,,,,Emp Code Missing | Branch '' not found,34
35,Washim,32,BR032,branch@berar.com,9000000032,GSTIN032,1000000.0,,,Maharashtra,Washim,Washim,,,0.0,,,,1,2025-09-09 19:27:16.038957+05:30,,,,,Emp Code Missing | Branch '' not found,35
36,Yavatmal,33,BR033,branch@berar.com,9000000033,GSTIN033,1000000.0,,,Maharashtra,Yavatmal,Yavatmal,,,0.0,,,,1,2025-09-09 19:27:16.038957+05:30,,,,,Emp Code Missing | Branch '' not found,36
37,Balaghat,34,BLG034,balaghat@example.com,1234567892,22BBBBB0000B2Z5,,,,Madhya Pradesh,Balaghat,Balaghat,"Main Road, Balaghat",,481001.0,21.8169,80.1842,1000.0,1,2025-09-26 19:20:51.429638+05:30,,,,,Emp Code Missing | Branch '' not found,37
38,Gondia,35,BR035,gondia@example.com,1234567893,22BBBBB0000B3Z5,,,,Maharashtra,Gondia,Gondia,"Station Road, Gondia",,441601.0,21.46,80.1983,1000.0,1,2025-09-26 19:21:31.22632+05:30,,,,,Emp Code Missing | Branch '' not found,38
39,Wardha,36,BR036,wardha@example.com,1234567894,22BBBBB0000B4Z5,,,,Maharashtra,Wardha,Wardha,"Gandhi Nagar, Wardha",,442001.0,20.738,78.597,1000.0,1,2025-09-26 19:21:31.22632+05:30,,,,,Emp Code Missing | Branch '' not found,39
40,Multai,37,BR037,multai@example.com,1234567895,22BBBBB0000B5Z5,,,,Madhya Pradesh,Betul,Multai,"Market Road, Multai",,460661.0,21.774,78.2576,1000.0,1,2025-09-26 19:21:31.22632+05:30,,,,,Emp Code Missing | Branch '' not found,40
41,Bhandara,38,BR038,bhandara@example.com,1234567896,22BBBBB0000B6Z5,,,,Maharashtra,Bhandara,Bhandara,"Civil Lines, Bhandara",,441904.0,21.1667,79.65,1000.0,1,2025-09-26 19:21:31.22632+05:30,,,,,Emp Code Missing | Branch '' not found,41
42,Katol,39,BR039,katol@example.com,1234567897,22BBBBB0000B7Z5,,,,Maharashtra,Nagpur,Katol,"Katol Road, Katol",,441302.0,21.2667,78.5833,1000.0,1,2025-09-26 19:21:31.22632+05:30,,,,,Emp Code Missing | Branch '' not found,42
43,Kolhapur,43,BR041,branch@berar.com,1234567890,GSTIN001,5000000.0,9876543210.0,backup@example.com,Maharashtra,Mumbai,Mumbai,Mumbai,Mumbai,,,,,1,2025-11-04 12:57:27.471258+05:30,,,,,Emp Code Missing | Branch '' not found,43
44,Kanker,44,BR042,branch@berar.com,1234567890,GSTIN001,5000000.0,9876543210.0,backup@example.com,Maharashtra,Mumbai,Mumbai,Mumbai,,,,,,1,2025-11-04 12:57:27.471258+05:30,,,,,Emp Code Missing | Branch '' not found,44
45,Mandla,45,BR043,branch@berar.com,1234567890,GSTIN001,5000000.0,9876543210.0,backup@example.com,Maharashtra,Mumbai,Mumbai,Mumbai,,,,,,1,2025-11-04 12:57:27.471258+05:30,,,,,Emp Code Missing | Branch '' not found,45
46,Rajahmundry,5000747,AP_RAJ_805,abc@berarfinance.com,9876543210,0,100.0,,,Andhra Pradesh,East Godavari,East Godavari,"PLOT NO 422, DOOR NO 45-22-34/1, 2ND FLOOR,","BRADI PETA, REVENUE WARD NO 26,",533103.0,0.0,0.0,60.0,1,2026-01-13 19:41:39.822769+05:30,,,,0.0,Emp Code Missing | Branch '' not found,46
47,Srikakulam,5000746,AP_SRI_804,abc@berarfinance.com,9876543210,0,100.0,,,Andhra Pradesh,Srikakulam,Srikakulam,"DOOR NO 7-3-17/1B, 2ND FLOOR, VENKATA KAMESWARI COMPLEX,","ONE WAY TRAFFIC ROAD, KONNA VEEDHI STREET, NEAR SARASWATI THEATRE",532001.0,0.0,0.0,60.0,1,2026-01-13 19:41:40.01316+05:30,,,,0.0,Emp Code Missing | Branch '' not found,47
48,Vijayawada,5000748,AP_VIJ_806,abc@berarfinance.com,9876543210,0,100.0,,,Andhra Pradesh,Krishna,Krishna,"HOUSE NO 27-33-40, 1ST FLOOR,","REVENUE WARD NO 21 A, BUCKINGHAMPETA,",520002.0,0.0,0.0,60.0,1,2026-01-13 19:41:40.203797+05:30,,,,0.0,Emp Code Missing | Branch '' not found,48
49,Visakhapatnam,5000825,AP_VIS_809,abc@berarfinance.com,9876543210,0,100.0,,,Andhra Pradesh,Visakhapatnam,Visakhapatnam,"D NO 46-15-27,1ST FLOOR,","DIAMOND PARK ROAD, DONDAPARTHY",530016.0,0.0,0.0,60.0,1,2026-01-13 19:41:40.394119+05:30,,,,0.0,Emp Code Missing | Branch '' not found,49
50,Vizianagaram,5000728,AP_VIZ_803,abc@berarfinance.com,9876543210,0,100.0,,,Andhra Pradesh,Vizianagaram,Vizianagaram,"SRI LAMBODARA SRINIVASA NILAYAM, GROUND FLOOR, DOOR NO 8-12-9/9,","SIDDARDHANAGAR, POSIT COMMERCIAL TAX OFFICE, NEAR RTC",535002.0,0.0,0.0,60.0,1,2026-01-13 19:41:40.601725+05:30,,,,0.0,Emp Code Missing | Branch '' not found,50
51,Ambikapur,5000406,CG_AMB_221,abc@berarfinance.com,9876543210,0,100.0,,,Chhattisgarh,Surguja,Surguja,"Ground floor, Aarshi complex, Near Akashwani square,",Ring road Chopra Para AMBIKAPUR Surguja,497001.0,0.0,0.0,60.0,1,2026-01-13 19:41:40.8226+05:30,,,,0.0,Emp Code Missing | Branch '' not found,51
52,Baikunthpur,5000625,CG_BAI_224,abc@berarfinance.com,9876543210,0,100.0,,,Chhattisgarh,KORIYA,KORIYA,"Plot no.677/1,","Ward no.1, Sanjay Nagar, Main road, Near Collector office,",497335.0,0.0,0.0,60.0,1,2026-01-13 19:41:41.011134+05:30,,,,0.0,Emp Code Missing | Branch '' not found,52
53,Baloda Bazar,5000107,CG_BAL_210,abc@berarfinance.com,9876543210,0,100.0,,,Chhattisgarh,Raipur,Raipur,"In front Of Radhavihar, Lawn Road","Near Kiran Honda,",493332.0,0.0,0.0,60.0,1,2026-01-13 19:41:41.206143+05:30,,,,0.0,Emp Code Missing | Branch '' not found,53
54,Balrampur,5000707,CG_BAL_226,abc@berarfinance.com,9876543210,0,100.0,,,Chhattisgarh,Surguja,Surguja,"SR NO 218/5, NEAR PNB BANK,","GRAM- DAHEJWAR, PO- BALRAMPUR,",497119.0,0.0,0.0,60.0,1,2026-01-13 19:41:41.392424+05:30,,,,0.0,Emp Code Missing | Branch '' not found,54
55,Raipur,5000145,CG_BRAI_201,abc@berarfinance.com,9876543210,0,100.0,,,Chhattisgarh,Raipur,Raipur,1,"C.G.Elite ,3Rd Floor ,Assembly Road",492001.0,0.0,0.0,60.0,1,2026-01-13 19:41:41.588747+05:30,,,,0.0,Emp Code Missing | Branch '' not found,55
56,Dallirajhara,5000096,CG_DAL_206,abc@berarfinance.com,9876543210,0,100.0,,,Chhattisgarh,Durg,Durg,"First Floor,Ward No.13","Main Road, Chikhalakasa,Dallirajhara",491228.0,0.0,0.0,60.0,1,2026-01-13 19:41:41.790867+05:30,,,,0.0,Emp Code Missing | Branch '' not found,56
57,Dongargarh,5000280,CG_DON_216,abc@berarfinance.com,9876543210,0,100.0,,,Chhattisgarh,Durg,Durg,"Ward No 09, Bhagatsingh ward, Ganesh wada","in front of High Schoool,",491335.0,0.0,0.0,60.0,1,2026-01-13 19:41:41.991931+05:30,,,,0.0,Emp Code Missing | Branch '' not found,57
58,Gariyaband,5000116,CG_GAR_212,abc@berarfinance.com,9876543210,0,100.0,,,Chhattisgarh,Raipur,Raipur,"Sharma Complex, Majarkatta Square","Near Shivnath Hyundai, Raipur Road,",493889.0,0.0,0.0,60.0,1,2026-01-13 19:41:42.206139+05:30,,,,0.0,Emp Code Missing | Branch '' not found,58
59,Jagdalpur,5000122,CG_JAG_215,abc@berarfinance.com,9876543210,0,100.0,,,Chhattisgarh,Bastar,Bastar,"Ashirwad Complex, 2nd Floor","Balaji Ward,",494001.0,0.0,0.0,60.0,1,2026-01-13 19:41:42.43931+05:30,,,,0.0,Emp Code Missing | Branch '' not found,59
60,Jashpur,5000706,CG_JAS_225,abc@berarfinance.com,9876543210,0,100.0,,,Chhattisgarh,JASHPUR,JASHPUR,"1ST FLOOR SHANTI COMPLEX, ABOVE CANERA BANK,",NEAR HONDA SHOWROOM,496331.0,0.0,0.0,60.0,1,2026-01-13 19:41:42.696877+05:30,,,,0.0,Emp Code Missing | Branch '' not found,60
61,Kawardha,5000093,CG_KAW_205,abc@berarfinance.com,9876543210,0,100.0,,,Chhattisgarh,Kawardha,Kawardha,"Swastik Bhavan, Above Dcb Bank","Raipur Road, Kawardha(CG)",491995.0,0.0,0.0,60.0,1,2026-01-13 19:41:42.893885+05:30,,,,0.0,Emp Code Missing | Branch '' not found,61
62,Kondagaon,5000324,CG_KON_219,abc@berarfinance.com,9876543210,0,100.0,,,Chhattisgarh,Bastar,Bastar,"Shop No 3, Umarkot Road Danteshwari Complex",Infront of Collector Office,494226.0,0.0,0.0,60.0,1,2026-01-13 19:41:43.108291+05:30,,,,0.0,Emp Code Missing | Branch '' not found,62
63,Korba,5000099,CG_KOR_207,abc@berarfinance.com,9876543210,0,100.0,,,Chhattisgarh,KORBA,KORBA,Shop No.A-8,"Plot No.5, Nidhi Biz, Near Patidar Bhawan,",495677.0,0.0,0.0,60.0,1,2026-01-13 19:41:43.320813+05:30,,,,0.0,Emp Code Missing | Branch '' not found,63
64,Mungeli,5000530,CG_MUN_223,abc@berarfinance.com,9876543210,0,100.0,,,Chhattisgarh,Bilaspur Cgh,Bilaspur Cgh,"Khasra No. 1056/01,","Near Yashoda Hospital Pt,",495334.0,0.0,0.0,60.0,1,2026-01-13 19:44:52.757767+05:30,,,,0.0,Emp Code Missing | Branch '' not found,64
65,Pendra,5000710,CG_PEN_227,abc@berarfinance.com,9876543210,0,100.0,,,Chhattisgarh,Bilaspur Cgh,Bilaspur Cgh,"SR NO 2542/8, HOUSE NO 134, WARD NO 15,","NEAR INDIAN PETROL PUMP, PO- PENDRA,",495119.0,0.0,0.0,60.0,1,2026-01-13 19:44:52.948689+05:30,,,,0.0,Emp Code Missing | Branch '' not found,65
66,Raigarh,5000405,CG_RAI_220,abc@berarfinance.com,9876543210,0,100.0,,,Chhattisgarh,Raigarh,Raigarh,"2nd Floor, Ashram complex,","Opposite Carmel school, RAIGARH",496001.0,0.0,0.0,60.0,1,2026-01-13 19:44:53.149274+05:30,,,,0.0,Emp Code Missing | Branch '' not found,66
67,Rajnandgaon,5000083,CG_RAJ_204,abc@berarfinance.com,9876543210,0,100.0,,,Chhattisgarh,Rajnandgaon,Rajnandgaon,New Bus Stand,Near Hotel Awana,491441.0,0.0,0.0,60.0,1,2026-01-13 19:44:53.333251+05:30,,,,0.0,Emp Code Missing | Branch '' not found,67
68,RAJIM,5000282,CG_RAJ_218,abc@berarfinance.com,9876543210,0,100.0,,,Chhattisgarh,Dhamtari,Dhamtari,"First Floor, Above Indian Overseas Bank","Near Forest Check Post, Raipur Road",493885.0,0.0,0.0,60.0,1,2026-01-13 19:44:53.528917+05:30,,,,0.0,Emp Code Missing | Branch '' not found,68
69,Surajpur,5000529,CG_SUR_222,abc@berarfinance.com,9876543210,0,100.0,,,Chhattisgarh,Surguja,Surguja,Khasra no. 146/07 Ward no. 04,"MG Road, Sahu para Chanderpur",497229.0,0.0,0.0,60.0,1,2026-01-13 19:44:53.729901+05:30,,,,0.0,Emp Code Missing | Branch '' not found,69
70,Amreli,5000113,GJ_AMR_305,abc@berarfinance.com,9876543210,0,100.0,,,Gujarat,Amreli,Amreli,Shop No 106,"1St Floor, Royal Paradise Complex",365601.0,0.0,0.0,60.0,1,2026-01-13 19:44:54.012194+05:30,,,,0.0,Emp Code Missing | Branch '' not found,70
71,Bardoli,5000106,GJ_BAR_302,abc@berarfinance.com,9876543210,0,100.0,,,Gujarat,Surat,Surat,"2Nd Floor,",Target Mall,394601.0,0.0,0.0,60.0,1,2026-01-13 19:44:54.211067+05:30,,,,0.0,Emp Code Missing | Branch '' not found,71
72,Botad,5000346,GJ_BOT_307,abc@berarfinance.com,9876543210,0,100.0,,,Gujarat,Botad,Botad,"Office No. 2, First Floor","Beside VIVO Service Centre, Padiyad Road",364710.0,0.0,0.0,60.0,1,2026-01-13 19:45:55.66681+05:30,,,,0.0,Emp Code Missing | Branch '' not found,72
73,Surat,5000140,GJ_BSUR_301,abc@berarfinance.com,9876543210,0,100.0,,,Gujarat,Surat,Surat,Wing,"4th Floor, Apex Commercial Complex",395006.0,0.0,0.0,60.0,1,2026-01-13 19:45:55.862897+05:30,,,,0.0,Emp Code Missing | Branch '' not found,73
74,Junagadh,5000115,GJ_JUN_306,abc@berarfinance.com,9876543210,0,100.0,,,Gujarat,Junagadh,Junagadh,Shop No. 304,"3Rd Floor, V-Arcade",362001.0,0.0,0.0,60.0,1,2026-01-13 19:45:56.072066+05:30,,,,0.0,Emp Code Missing | Branch '' not found,74
75,Navsari,5000110,GJ_NAV_304,abc@berarfinance.com,9876543210,0,100.0,,,Gujarat,NAVSARI,NAVSARI,Shop No 316,"3Rd Floor, Umadarshan  Arcade",396421.0,0.0,0.0,60.0,1,2026-01-13 19:45:56.256576+05:30,,,,0.0,Emp Code Missing | Branch '' not found,75
76,Rajpipla,5000465,GJ_RAJ_308,abc@berarfinance.com,9876543210,0,100.0,,,Gujarat,NARMADA,NARMADA,"Surya Plaza, First Floor, Office No 35","Tekra Falyu, Rajpipla",393145.0,0.0,0.0,60.0,1,2026-01-13 19:45:56.435842+05:30,,,,0.0,Emp Code Missing | Branch '' not found,76
77,Rajkot,5000711,GJ_RAJ_309,abc@berarfinance.com,9876543210,0,100.0,,,Gujarat,Rajkot,Rajkot,"OFFICE NO 202, 2ND FLOOR,","FOUR PLUS COMPLEX, ASTRON CHOWK,",360001.0,0.0,0.0,60.0,1,2026-01-13 19:45:56.633421+05:30,,,,0.0,Emp Code Missing | Branch '' not found,77
78,Vadodara,5000712,GJ_VAD_310,abc@berarfinance.com,9876543210,0,100.0,,,Gujarat,Vadodara,Vadodara,"7TH FLOOR- 708, SIGNET THE BUSINESS HUB,","NEAR EARTH COMPLEX, AKSHAR CHOWK, OLD PARA ROAD,",390020.0,0.0,0.0,60.0,1,2026-01-13 19:45:56.833919+05:30,,,,0.0,Emp Code Missing | Branch '' not found,78
79,Vyara,5000108,GJ_VYA_303,abc@berarfinance.com,9876543210,0,100.0,,,Gujarat,Surat,Surat,B-213,Ambaji Complex Ukai Road,394650.0,0.0,0.0,60.0,1,2026-01-13 19:45:57.040719+05:30,,,,0.0,Emp Code Missing | Branch '' not found,79
80,Ranchi,5000808,JH_BRAN_901,abc@berarfinance.com,9876543210,0,100.0,,,Jharkhand,Ranchi,Ranchi,"RUKMINI TOWER, NEAR UNION BANK","KUMHARTOLI, HARMU ROAD",834001.0,0.0,0.0,60.0,1,2026-01-13 19:45:57.236771+05:30,,,,0.0,Emp Code Missing | Branch '' not found,80
81,Chaibasa,5000906,JH_CHA_905,abc@berarfinance.com,9876543210,0,100.0,,,Jharkhand,WEST SINGHBHUM,WEST SINGHBHUM,"PLOT NO 116, NEAR GUPTA HONDA,","MAHULSAI MAIN ROAD, MUFFASIL, CHAIBASA,",833201.0,0.0,0.0,60.0,1,2026-01-13 19:48:30.222288+05:30,,,,0.0,Emp Code Missing | Branch '' not found,81
82,Hazaribagh,5000905,JH_HAZ_904,abc@berarfinance.com,9876543210,0,100.0,,,Jharkhand,HAZARIBAG,HAZARIBAG,"PLOT NO 789, HURHURU ROAD,","MADHUVAN COMPLEX, 5TH FLOOR",825301.0,0.0,0.0,60.0,1,2026-01-13 19:48:30.423548+05:30,,,,0.0,Emp Code Missing | Branch '' not found,82
83,Palamu,5000769,JH_PAL_903,abc@berarfinance.com,9876543210,0,100.0,,,Jharkhand,PALAMAU,PALAMAU,"A K T TOWER, GROUND FLOOR, WARD NO 25,","SOUTH REDMA ROAD, MEDININAGAR,",822101.0,0.0,0.0,60.0,1,2026-01-13 19:51:06.93431+05:30,,,,0.0,Emp Code Missing | Branch '' not found,83
84,Belgavi,5000124,KA_BEL_402,abc@berarfinance.com,9876543210,0,100.0,,,Karnataka,Belgaum,Belgaum,3935/26,"A1, Madiwale Arcade",590001.0,0.0,0.0,60.0,1,2026-01-13 20:00:18.511203+05:30,,,,0.0,Emp Code Missing | Branch '' not found,84
85,Gulbarga,5000146,KA_BGUL_401,abc@berarfinance.com,9876543210,0,100.0,,,Karnataka,Gulbarga,Gulbarga,Shop No S-2,"Kandur Mall, Second Floor, Sardar Vallabhai Patel Chowk",585102.0,0.0,0.0,60.0,1,2026-01-13 20:00:18.709566+05:30,,,,0.0,Emp Code Missing | Branch '' not found,85
86,Bidar,5000126,KA_BID_404,abc@berarfinance.com,9876543210,0,100.0,,,Karnataka,Bidar,Bidar,Plot No 23,"H-No- 9-10- 232/1, First Floor, Canara Bank",585401.0,0.0,0.0,60.0,1,2026-01-13 20:00:18.911661+05:30,,,,0.0,Emp Code Missing | Branch '' not found,86
87,Raichur,5000127,KA_RAI_405,abc@berarfinance.com,9876543210,0,100.0,,,Karnataka,Raichur,Raichur,"2nd Floor, Sai Ram Complex,",Opp  Ram Mandir,584101.0,0.0,0.0,60.0,1,2026-01-13 20:00:19.115078+05:30,,,,0.0,Emp Code Missing | Branch '' not found,87
88,Vijayapur,5000125,KA_VIJ_403,abc@berarfinance.com,9876543210,0,100.0,,,Karnataka,Bijapura,Bijapura,Plot No 215/A,"MG Road, Milaon Medical",586108.0,0.0,0.0,60.0,1,2026-01-13 20:00:19.325227+05:30,,,,0.0,Emp Code Missing | Branch '' not found,88
89,Yadgiri,5000525,KA_YAD_406,abc@berarfinance.com,9876543210,0,100.0,,,Karnataka,Yadgir,Yadgir,"1st floor, Vishwa Ganga Complex Building","No 5-1-273/17 G, Beside IIFL Ltd",585202.0,0.0,0.0,60.0,1,2026-01-13 20:00:19.534685+05:30,,,,0.0,Emp Code Missing | Branch '' not found,89
90,Ahmednagar,5000031,MH_AHM_120,abc@berarfinance.com,9876543210,0,100.0,,,Maharashtra,AHMED NAGAR,AHMED NAGAR,Office No.207,"Aadish Plaza,Nagar Manmad Road,Savedi,",414003.0,0.0,0.0,60.0,1,2026-01-13 20:00:19.861186+05:30,,,,0.0,Emp Code Missing | Branch '' not found,90
91,Alibagh,5000745,MH_ALI_144,abc@berarfinance.com,9876543210,0,100.0,,,Maharashtra,RAIGARH(MH),RAIGARH(MH),"GROUND FLOOR, SHOP NO 01, AARTI PRIYANKA SOCIETY,","TAMBOLI HOSPITAL ROAD, CHENDHARE, TQ- ALIBAG,",402201.0,0.0,0.0,60.0,1,2026-01-13 20:00:20.061609+05:30,,,,0.0,Emp Code Missing | Branch '' not found,91
92,Baramati,5000049,MH_BAR_127,abc@berarfinance.com,9876543210,0,100.0,,,Maharashtra,Pune,Pune,Block No - 11,Shrushthi Complex,413102.0,0.0,0.0,60.0,1,2026-01-13 20:00:20.26159+05:30,,,,0.0,Emp Code Missing | Branch '' not found,92
93,Dhule,5000143,MH_BDHU_129,abc@berarfinance.com,9876543210,0,100.0,,,Maharashtra,Dhule,Dhule,"H.No 2090,91","First Floor, Near Hanuman Mandir",424001.0,0.0,0.0,60.0,1,2026-01-13 20:00:20.510943+05:30,,,,0.0,Emp Code Missing | Branch '' not found,93
94,Bhusawal,5000076,MH_BHU_132,abc@berarfinance.com,9876543210,0,100.0,,,Maharashtra,Jalgaon,Jalgaon,Plot No.1,"Sahakar Nagar,Near Panchmukhi Hanuman Temple",425201.0,0.0,0.0,60.0,1,2026-01-13 20:00:20.731625+05:30,,,,0.0,Emp Code Missing | Branch '' not found,94
95,Nanded,5000144,MH_BNAN_136,abc@berarfinance.com,9876543210,0,100.0,,,Maharashtra,Nanded,Nanded,1,"Nagai Apartment,2Nd Floor,Hanuman Nagar",431602.0,0.0,0.0,60.0,1,2026-01-13 20:00:20.934146+05:30,,,,0.0,Emp Code Missing | Branch '' not found,95
96,Brahmapuri,5000065,MH_BRH_117,abc@berarfinance.com,9876543210,0,100.0,,,Maharashtra,Chandrapur,Chandrapur,"Near Sai Petrol Pump, Nagbhid Road,","Delanwadi, Bramhapuri (Mh)",441206.0,0.0,0.0,60.0,1,2026-01-13 20:00:21.128484+05:30,,,,0.0,Emp Code Missing | Branch '' not found,96
97,Satara,5000142,MH_BSAT_118,abc@berarfinance.com,9876543210,0,100.0,,,Maharashtra,Satara,Satara,Plot No.93,"2Nd Floor,Saishakti Arcade,Above Hotel Suraj Veg Court,Survey No.19A/20A",415002.0,0.0,0.0,60.0,1,2026-01-13 20:00:21.328515+05:30,,,,0.0,Emp Code Missing | Branch '' not found,97
98,Chandrapur,5000020,MH_CHA_103,abc@berarfinance.com,9876543210,0,100.0,,,Maharashtra,Chandrapur,Chandrapur,R 6,J K Complex,442401.0,0.0,0.0,60.0,1,2026-01-13 20:00:21.526839+05:30,,,,0.0,Emp Code Missing | Branch '' not found,98
99,Gadchiroli,5000048,MH_GAD_111,abc@berarfinance.com,9876543210,0,100.0,,,Maharashtra,Chandrapur,Chandrapur,Shop No- 39,"22,Poreddiwar Complex",442605.0,0.0,0.0,60.0,1,2026-01-13 20:00:21.725849+05:30,,,,0.0,Emp Code Missing | Branch '' not found,99
100,Hingoli,5000091,MH_HIN_139,abc@berarfinance.com,9876543210,0,100.0,,,Maharashtra,Hingoli,Hingoli,H.No.7/36,"Shivaji Nagar, Akola Road",431513.0,0.0,0.0,60.0,1,2026-01-13 20:00:21.928482+05:30,,,,0.0,Emp Code Missing | Branch '' not found,100
101,Karad,5000044,MH_KAR_125,abc@berarfinance.com,9876543210,0,100.0,,,Maharashtra,Satara,Satara,"Office No-2,","Silver Land,",415110.0,0.0,0.0,60.0,1,2026-01-13 20:00:22.119474+05:30,,,,0.0,Emp Code Missing | Branch '' not found,101
102,Kudal,5000052,MH_KUD_128,abc@berarfinance.com,9876543210,0,100.0,,,Maharashtra,Sindhudurg,Sindhudurg,N.P House No 4155,"Dhairsheel Pride, O-3, B- Wing , Ground Floor",416520.0,0.0,0.0,60.0,1,2026-01-13 20:00:22.313002+05:30,,,,0.0,Emp Code Missing | Branch '' not found,102
103,Nagpur,5000027,MH_NAG_101,abc@berarfinance.com,9876543210,0,100.0,,,Maharashtra,Nagpur,Nagpur,Berar House,"Avinisha Tower, Abhyankar Marg, Mehadia Square",440012.0,0.0,0.0,60.0,1,2026-01-13 20:00:22.514205+05:30,,,,0.0,Emp Code Missing | Branch '' not found,103
104,Nandurbar,5000086,MH_NAN_135,abc@berarfinance.com,9876543210,0,100.0,,,Maharashtra,NANDURBAR,NANDURBAR,Mohiniraj Nagar,Mohiniraj Nagar,425412.0,0.0,0.0,60.0,1,2026-01-13 20:00:22.715572+05:30,,,,0.0,Emp Code Missing | Branch '' not found,104
105,Osmanabad,5000261,MH_OSM_142,abc@berarfinance.com,9876543210,0,100.0,,,Maharashtra,Osmanabad,Osmanabad,"Minakshi Complex,","Modani Building, 2nd Floor,",413501.0,0.0,0.0,60.0,1,2026-01-13 20:00:22.961752+05:30,,,,0.0,Emp Code Missing | Branch '' not found,105
106,Ratnagiri,5000042,MH_RAT_124,abc@berarfinance.com,9876543210,0,100.0,,,Maharashtra,Ratnagiri,Ratnagiri,"Shop No-103,",Siddhivinayak City Centre,415612.0,0.0,0.0,60.0,1,2026-01-13 20:00:23.158371+05:30,,,,0.0,Emp Code Missing | Branch '' not found,106
107,Wani,5000064,MH_WAN_116,abc@berarfinance.com,9876543210,0,100.0,,,Maharashtra,YAVATMAL,YAVATMAL,Ram Shewalkar Business Park,"Yavatmal Road, Wani (Mh)",445304.0,0.0,0.0,60.0,1,2026-01-13 20:00:23.358391+05:30,,,,0.0,Emp Code Missing | Branch '' not found,107
108,Bhopal,5000095,MP_BHO_503,abc@berarfinance.com,9876543210,0,100.0,,,Madhya Pradesh,Bhopal,Bhopal,G-16,"Ground Floor ,Pink Tower",462001.0,0.0,0.0,60.0,1,2026-01-13 20:00:23.55934+05:30,,,,0.0,Emp Code Missing | Branch '' not found,108
109,Indore,5000147,MP_BIND_501,abc@berarfinance.com,9876543210,0,100.0,,,Madhya Pradesh,Indore,Indore,308,Chetak Center,452001.0,0.0,0.0,60.0,1,2026-01-13 20:00:23.799112+05:30,,,,0.0,Emp Code Missing | Branch '' not found,109
110,Burhanpur,5000123,MP_BUR_516,abc@berarfinance.com,9876543210,0,100.0,,,Madhya Pradesh,East Nimar,East Nimar,"1St Floor, Saifee Complex, Above Equitas Bank,",Amravati Road,450331.0,0.0,0.0,60.0,1,2026-01-13 20:00:24.057672+05:30,,,,0.0,Emp Code Missing | Branch '' not found,110
111,Chhatarpur,5000322,MP_CHH_518,abc@berarfinance.com,9876543210,0,100.0,,,Madhya Pradesh,Chhatarpur,Chhatarpur,"First Floor, Om Sai Ram Complex","Behind Hotel Regency ,Naugaon Road",471001.0,0.0,0.0,60.0,1,2026-01-13 20:00:24.248356+05:30,,,,0.0,Emp Code Missing | Branch '' not found,111
112,Damoh,5000119,MP_DAM_514,abc@berarfinance.com,9876543210,0,100.0,,,Madhya Pradesh,Damoh,Damoh,Office No-1 & 2,Z Square Tower,470661.0,0.0,0.0,60.0,1,2026-01-13 20:00:24.439672+05:30,,,,0.0,Emp Code Missing | Branch '' not found,112
113,Dewas,5000102,MP_DEW_507,abc@berarfinance.com,9876543210,0,100.0,,,Madhya Pradesh,Dewas,Dewas,7/A,"Ramkrishna Colony, Moti Bunglow",455001.0,0.0,0.0,60.0,1,2026-01-13 20:00:24.630784+05:30,,,,0.0,Emp Code Missing | Branch '' not found,113
114,Dhar,5000348,MP_DHA_520,abc@berarfinance.com,9876543210,0,100.0,,,Madhya Pradesh,Dhar,Dhar,"TVS Square, C-10",Mahajan Hospital Road,454001.0,0.0,0.0,60.0,1,2026-01-13 20:00:24.834604+05:30,,,,0.0,Emp Code Missing | Branch '' not found,114
115,Harda,5000109,MP_HAR_510,abc@berarfinance.com,9876543210,0,100.0,,,Madhya Pradesh,Hoshangabad,Hoshangabad,Indore Road,"In Front Of Honda Showroom,",461661.0,0.0,0.0,60.0,1,2026-01-13 20:00:25.041198+05:30,,,,0.0,Emp Code Missing | Branch '' not found,115
116,Hoshangabad,5000098,MP_HOS_505,abc@berarfinance.com,9876543210,0,100.0,,,Madhya Pradesh,Hoshangabad,Hoshangabad,Rasuliya,"Opp Fauzador Petorl Pump, Hoshangabad",461001.0,0.0,0.0,60.0,1,2026-01-13 20:00:25.249864+05:30,,,,0.0,Emp Code Missing | Branch '' not found,116
117,Katni,5000120,MP_KAT_515,abc@berarfinance.com,9876543210,0,100.0,,,Madhya Pradesh,KATNI,KATNI,H.No. 709 (New),"13/422 (Old), Jawahar Lal Nehru Ward, Mouja Village Bargawan",483501.0,0.0,0.0,60.0,1,2026-01-13 20:00:25.446262+05:30,,,,0.0,Emp Code Missing | Branch '' not found,117
118,Khandwa,5000527,MP_KHA_524,abc@berarfinance.com,9876543210,0,100.0,,,Madhya Pradesh,Burhanpur,Burhanpur,"Zone 01,",437 Mahtma Gandhi Marg Ward No 30 INDORE ROAD,450001.0,0.0,0.0,60.0,1,2026-01-13 20:00:25.641474+05:30,,,,0.0,Emp Code Missing | Branch '' not found,118
119,Narsinghpur,5000104,MP_NAR_508,abc@berarfinance.com,9876543210,0,100.0,,,Madhya Pradesh,Narsinghpur,Narsinghpur,"Shahid Bhagatsingh Ward, Above Hdfc Bank",0,487001.0,0.0,0.0,60.0,1,2026-01-13 20:00:25.845684+05:30,,,,0.0,Emp Code Missing | Branch '' not found,119
120,Raisen,5000505,MP_RAI_523,abc@berarfinance.com,9876543210,0,100.0,,,Madhya Pradesh,Raisen,Raisen,KHASRA NO .4/12 FIRST FLOOR,M.P.E.B NAGAR COLONY INFRONT OF CENTRAL BANK OF INDIA,464551.0,0.0,0.0,60.0,1,2026-01-13 20:00:26.047698+05:30,,,,0.0,Emp Code Missing | Branch '' not found,120
121,Rewa,5000365,MP_REW_521,abc@berarfinance.com,9876543210,0,100.0,,,Madhya Pradesh,Rewa,Rewa,1st Floor,"Pandit Ramvishal Dubey Complex,",486001.0,0.0,0.0,60.0,1,2026-01-13 20:00:26.24771+05:30,,,,0.0,Emp Code Missing | Branch '' not found,121
122,Sagar,5000117,MP_SAG_513,abc@berarfinance.com,9876543210,0,100.0,,,Madhya Pradesh,Sagar,Sagar,"Dashmesh Tower 1St Floor, Above Au Small Finance Bank","Beside Nitara Suzuki, Bhagwanganj,",470001.0,0.0,0.0,60.0,1,2026-01-13 20:00:26.442475+05:30,,,,0.0,Emp Code Missing | Branch '' not found,122
123,Satna,5000321,MP_SAT_517,abc@berarfinance.com,9876543210,0,100.0,,,Madhya Pradesh,Satna,Satna,"Samar Plaza, Infront of Savera Hotel","Rewa Road, Jeevan Jyoti Colony Road",485001.0,0.0,0.0,60.0,1,2026-01-13 20:00:26.64232+05:30,,,,0.0,Emp Code Missing | Branch '' not found,123
124,Sehore,5000114,MP_SEH_512,abc@berarfinance.com,9876543210,0,100.0,,,Madhya Pradesh,Sehore,Sehore,Shop No 202,"Shri Hariom Tower, Near New Bus Stand",466001.0,0.0,0.0,60.0,1,2026-01-13 20:00:26.83408+05:30,,,,0.0,Emp Code Missing | Branch '' not found,124
125,Shahdol,5000345,MP_SHA_519,abc@berarfinance.com,9876543210,0,100.0,,,Madhya Pradesh,ANUPPUR,ANUPPUR,Suhane Complex,"Near Sarkar Petrol Pump, Bus Stand",484001.0,0.0,0.0,60.0,1,2026-01-13 20:00:27.043191+05:30,,,,0.0,Emp Code Missing | Branch '' not found,125
126,Sidhi,5000366,MP_SID_522,abc@berarfinance.com,9876543210,0,100.0,,,Madhya Pradesh,Sidhi,Sidhi,"Plot No 76/1-6,","Near Shree Radhakunjam Girls Degree College,",486661.0,0.0,0.0,60.0,1,2026-01-13 20:00:27.25069+05:30,,,,0.0,Emp Code Missing | Branch '' not found,126
127,Vidisha,5000105,MP_VID_509,abc@berarfinance.com,9876543210,0,100.0,,,Madhya Pradesh,Vidisha,Vidisha,Ward No 11,"Gaurav Business Square, 2Nd Floor",464001.0,0.0,0.0,60.0,1,2026-01-13 20:00:27.446981+05:30,,,,0.0,Emp Code Missing | Branch '' not found,127
128,Angul,5000716,OR_ANG_718,abc@berarfinance.com,9876543210,0,100.0,,,Odisha,Angul,Angul,"2ND FLOOR, SUBHRA TOWER,","HANUMAN BAZAR, UNIT A, AMALAPADA,",759122.0,0.0,0.0,60.0,1,2026-01-13 20:00:27.661094+05:30,,,,0.0,Emp Code Missing | Branch '' not found,128
129,Bargarh,5000569,OR_BAR_704,abc@berarfinance.com,9876543210,0,100.0,,,Odisha,Bargarh,Bargarh,"Plot no. 13351/2679, ward no.19,","Baramchri, Near Rukhmani Talkies,",768028.0,0.0,0.0,60.0,1,2026-01-13 20:00:27.858112+05:30,,,,0.0,Emp Code Missing | Branch '' not found,129
130,Baripada,5000765,OR_BAR_721,abc@berarfinance.com,9876543210,0,100.0,,,Odisha,Mayurbhanj,Mayurbhanj,"PLOT NO 321, ACHARYA BHAWAN, WARD NO 23,","1ST FLOOR, OPP ASTHA COACHING CENTRE,",757001.0,0.0,0.0,60.0,1,2026-01-13 20:00:28.049043+05:30,,,,0.0,Emp Code Missing | Branch '' not found,130
131,Balangir,5000566,OR_BBAL_701,abc@berarfinance.com,9876543210,0,100.0,,,Odisha,Balangir,Balangir,"Plot no. 880/4292, 2 nd Floor,","Baraipali, Sadar,",767001.0,0.0,0.0,60.0,1,2026-01-13 20:00:28.312427+05:30,,,,0.0,Emp Code Missing | Branch '' not found,131
132,Berhampur,5000646,OR_BER_709,abc@berarfinance.com,9876543210,0,100.0,,,Odisha,Kalahandi,Kalahandi,Plot No. 176/1424,"At Aska Road, Berhampur Municipal Corporation Ward No. 15, A",766002.0,0.0,0.0,60.0,1,2026-01-13 20:00:28.516454+05:30,,,,0.0,Emp Code Missing | Branch '' not found,132
133,Bhawanipatna,5000645,OR_BHA_708,abc@berarfinance.com,9876543210,0,100.0,,,Odisha,Kalahandi,Kalahandi,"Near Petrol Pump, kesinga Road,",A/P-Paramanandapur,766001.0,0.0,0.0,60.0,1,2026-01-13 20:00:28.714377+05:30,,,,0.0,Emp Code Missing | Branch '' not found,133
134,Bhanjanagar,5000685,OR_BHA_713,abc@berarfinance.com,9876543210,0,100.0,,,Odisha,Ganjam,Ganjam,"1ST Floor, Baunsalundi, Bhanjanagar by pass road,","Beside TATA AIA Office,",761133.0,0.0,0.0,60.0,1,2026-01-13 20:00:28.912189+05:30,,,,0.0,Emp Code Missing | Branch '' not found,134
135,Bhubaneswar,5000717,OR_BHU_719,abc@berarfinance.com,9876543210,0,100.0,,,Odisha,KHORDA,KHORDA,"PLOT NO. 30 & 30/982 AND PLOT NO 32, 5TH FLOOR OF THE BUILDING,","UNIT NO 504, SABAK MOUZA KOLARPUT,",751010.0,0.0,0.0,60.0,1,2026-01-13 20:00:29.122757+05:30,,,,0.0,Emp Code Missing | Branch '' not found,135
136,Dhenkanal,5000715,OR_DHE_717,abc@berarfinance.com,9876543210,0,100.0,,,Odisha,Dhenkanal,Dhenkanal,"BADASATHIBATIA, DAKHINAKALI BY PASS,","DHENKAMNAL, ODISHA- 759001",759001.0,0.0,0.0,60.0,1,2026-01-13 20:00:29.328134+05:30,,,,0.0,Emp Code Missing | Branch '' not found,136
137,Jagatsinghpur,5000714,OR_JAG_716,abc@berarfinance.com,9876543210,0,100.0,,,Odisha,JAGATSINGHAPUR,JAGATSINGHAPUR,"HARAMANI MARKET COMPLEX, PLOT NO 17,","KHATA NUM 434, JAYABADA, JAGATSINGHPUR,",754103.0,0.0,0.0,60.0,1,2026-01-13 20:00:29.526951+05:30,,,,0.0,Emp Code Missing | Branch '' not found,137
138,Jajpur,5000751,OR_JAJ_720,abc@berarfinance.com,9876543210,0,100.0,,,Odisha,JAJAPUR,JAJAPUR,"FIRST FLOOR, UNIT NO 06,","DALA CHOWK, JAJPUR ROAD, VYASNAGAR,",755019.0,0.0,0.0,60.0,1,2026-01-13 20:00:29.709703+05:30,,,,0.0,Emp Code Missing | Branch '' not found,138
139,Jeypore,5000568,OR_JEY_703,abc@berarfinance.com,9876543210,0,100.0,,,Odisha,Koraput,Koraput,"Plot no. 934/12932/15356,","Kellan Nagar, Opp. Govt. Boys School,",764001.0,0.0,0.0,60.0,1,2026-01-13 20:00:29.910274+05:30,,,,0.0,Emp Code Missing | Branch '' not found,139
140,Nabarangpur,5000647,OR_NAB_710,abc@berarfinance.com,9876543210,0,100.0,,,Odisha,Rayagada,Rayagada,Plot No. 2748/11243,"Shivashankar complex, Near Ram Mandir,",764059.0,0.0,0.0,60.0,1,2026-01-13 20:00:30.110353+05:30,,,,0.0,Emp Code Missing | Branch '' not found,140
141,Nayagarh,5000666,OR_NAY_712,abc@berarfinance.com,9876543210,0,100.0,,,Odisha,Nayagarh,Nayagarh,Durgaprasad Main Road,Near TVS showroom,752069.0,0.0,0.0,60.0,1,2026-01-13 20:00:30.310507+05:30,,,,0.0,Emp Code Missing | Branch '' not found,141
142,Paralakhemundi,5000686,OR_PAR_714,abc@berarfinance.com,9876543210,0,100.0,,,Odisha,Gajapati,Gajapati,"Rani Peta Main Road ,in front of Maruti Suzuki Showroom,","Paralakhemundi, Dist. Gajapati",761200.0,0.0,0.0,60.0,1,2026-01-13 20:00:30.509057+05:30,,,,0.0,Emp Code Missing | Branch '' not found,142
143,Phulbani,5000713,OR_PHU_715,abc@berarfinance.com,9876543210,0,100.0,,,Odisha,KANDHAMAL,KANDHAMAL,"1ST FLOOR, BELOW UCO BANK,","ANNAPURNA MARKET, HATAPADA,",762001.0,0.0,0.0,60.0,1,2026-01-13 20:00:30.699787+05:30,,,,0.0,Emp Code Missing | Branch '' not found,143
144,Rajkhariar,5000570,OR_RAJ_705,abc@berarfinance.com,9876543210,0,100.0,,,Odisha,Kalahandi,Kalahandi,Plot no- 418,Beside Shyam Honda Tah- Raj Khariar,766107.0,0.0,0.0,60.0,1,2026-01-13 20:00:30.892955+05:30,,,,0.0,Emp Code Missing | Branch '' not found,144
145,Rayagada,5000665,OR_RAY_711,abc@berarfinance.com,9876543210,0,100.0,,,Odisha,Rayagada,Rayagada,"Hanuman Complex 3rd floor,House no - 10/755,","College Road,Near Railway Station",765001.0,0.0,0.0,60.0,1,2026-01-13 20:00:31.103217+05:30,,,,0.0,Emp Code Missing | Branch '' not found,145
146,Sambalpur,5000567,OR_SAM_702,abc@berarfinance.com,9876543210,0,100.0,,,Odisha,Sambalpur,Sambalpur,"Plot no. 880/4292, 2 nd Floor,","Baraipali, Sadar,",768006.0,0.0,0.0,60.0,1,2026-01-13 20:00:31.31064+05:30,,,,0.0,Emp Code Missing | Branch '' not found,146
147,Sonepur,5000571,OR_SON_706,abc@berarfinance.com,9876543210,0,100.0,,,Odisha,SONAPUR,SONAPUR,"Plot no- 2307/3454, 2nd Floor,","In front of Geetanjali Jweller, Balangir Road,",767017.0,0.0,0.0,60.0,1,2026-01-13 20:00:31.516758+05:30,,,,0.0,Emp Code Missing | Branch '' not found,147
148,Sundargarh,5000605,OR_SUN_707,abc@berarfinance.com,9876543210,0,100.0,,,Odisha,SUNDERGARH,SUNDERGARH,"Plot no.2122/5342,","Patel Complex, Bad Patrapali Chowk,",770001.0,0.0,0.0,60.0,1,2026-01-13 20:00:31.708732+05:30,,,,0.0,Emp Code Missing | Branch '' not found,148
149,Adilabad,5000054,TS_ADI_602,abc@berarfinance.com,9876543210,0,100.0,,,Telangana,Adilabad,Adilabad,Plot No.55,"Door No.12-27, Dasnapur,G.P. Mavala",504001.0,0.0,0.0,60.0,1,2026-01-13 20:00:31.901432+05:30,,,,0.0,Emp Code Missing | Branch '' not found,149
150,Karimnagar,5000148,TS_BKAR_601,abc@berarfinance.com,9876543210,0,100.0,,,Telangana,Karim Nagar,Karim Nagar,"H.NO: 8-7-3 23/A,","FIRST FLOOR, Opposite Sasya Hyundai Showroom,",505001.0,0.0,0.0,60.0,1,2026-01-13 20:00:32.10325+05:30,,,,0.0,Emp Code Missing | Branch '' not found,150
151,Jagtial,5000077,TS_JAG_610,abc@berarfinance.com,9876543210,0,100.0,,,Telangana,Karim Nagar,Karim Nagar,H.No. 1-5-203/2,"1St Floor,",505327.0,0.0,0.0,60.0,1,2026-01-13 20:00:32.302287+05:30,,,,0.0,Emp Code Missing | Branch '' not found,151
152,Jangaon,5000090,TS_JAN_615,abc@berarfinance.com,9876543210,0,100.0,,,Telangana,Warangal,Warangal,H.No 2-8-1/J,"Srinagar Colony, Hyderabad Road",506167.0,0.0,0.0,60.0,1,2026-01-13 20:00:32.566612+05:30,,,,0.0,Emp Code Missing | Branch '' not found,152
153,Kamareddy,5000071,TS_KAM_607,abc@berarfinance.com,9876543210,0,100.0,,,Telangana,Nizamabad,Nizamabad,H.No.5-2-186,"2Nd Floor,Opp Sbi",503111.0,0.0,0.0,60.0,1,2026-01-13 20:00:32.75037+05:30,,,,0.0,Emp Code Missing | Branch '' not found,153
154,Khammam,5000075,TS_KHA_609,abc@berarfinance.com,9876543210,0,100.0,,,Telangana,Khammam,Khammam,H.No. 15-9-33,"Kaviraj Nagar, 1St Floor",507002.0,0.0,0.0,60.0,1,2026-01-13 20:00:32.94021+05:30,,,,0.0,Emp Code Missing | Branch '' not found,154
155,Kothagudem,5000079,TS_KOT_611,abc@berarfinance.com,9876543210,0,100.0,,,Telangana,Khammam,Khammam,H.No-9-45,"1St Floor, Opp Agriculture Market , Prashanthi Nagar,",507101.0,0.0,0.0,60.0,1,2026-01-13 20:00:33.142595+05:30,,,,0.0,Emp Code Missing | Branch '' not found,155
156,Mahabubnagar,5000347,TS_MAH_617,abc@berarfinance.com,9876543210,0,100.0,,,Telangana,Mahabub Nagar,Mahabub Nagar,"2ND Floor, Srinivasa Colony","Hyderabad, Opp sri Rama TVS",509001.0,0.0,0.0,60.0,1,2026-01-13 20:00:33.360959+05:30,,,,0.0,Emp Code Missing | Branch '' not found,156
157,Mahabubabad,5000705,TS_MAH_619,abc@berarfinance.com,9876543210,0,100.0,,,Telangana,Warangal,Warangal,"SR NO 588, 1ST FLOOR, RTC BUS STAND,","KESAMUDRAM ROAD,",506101.0,0.0,0.0,60.0,1,2026-01-13 20:00:33.643338+05:30,,,,0.0,Emp Code Missing | Branch '' not found,157
158,Mancherial,5000062,TS_MAN_605,abc@berarfinance.com,9876543210,0,100.0,,,Telangana,Adilabad,Adilabad,Portion No.2,"Bellampelly Road,Mancherial",504208.0,0.0,0.0,60.0,1,2026-01-13 20:00:33.837121+05:30,,,,0.0,Emp Code Missing | Branch '' not found,158
159,Miriyalaguda,5000084,TS_MIR_613,abc@berarfinance.com,9876543210,0,100.0,,,Telangana,Nalgonda,Nalgonda,"House No.: 19-391 ,","Third Floor, Near SBI ATM, Pydimarri Towers, Reddy Colony ,",508207.0,0.0,0.0,60.0,1,2026-01-13 20:00:34.02685+05:30,,,,0.0,Emp Code Missing | Branch '' not found,159
160,Nalgonda,5000088,TS_NAL_614,abc@berarfinance.com,9876543210,0,100.0,,,Telangana,Nalgonda,Nalgonda,Shop No 18 & 19,"First Floor, Near Thirumala Theatre",508001.0,0.0,0.0,60.0,1,2026-01-13 20:00:34.226693+05:30,,,,0.0,Emp Code Missing | Branch '' not found,160
161,Nirmal,5000073,TS_NIR_608,abc@berarfinance.com,9876543210,0,100.0,,,Telangana,Adilabad,Adilabad,D.No.1-2-28/3E-1,"Natrajnagar , J.R Complex",504106.0,0.0,0.0,60.0,1,2026-01-13 20:00:34.425093+05:30,,,,0.0,Emp Code Missing | Branch '' not found,161
162,Nizamabad,5000056,TS_NIZ_603,abc@berarfinance.com,9876543210,0,100.0,,,Telangana,Nizamabad,Nizamabad,H.No.1/1/275,"Hyderabad Road,Vinayak Nagar",503003.0,0.0,0.0,60.0,1,2026-01-13 20:00:34.618571+05:30,,,,0.0,Emp Code Missing | Branch '' not found,162
163,Sangareddy,5000066,TS_SAN_606,abc@berarfinance.com,9876543210,0,100.0,,,Telangana,Medak,Medak,"Shop No 18,19","Roshni Complex,",502295.0,0.0,0.0,60.0,1,2026-01-13 20:00:34.81578+05:30,,,,0.0,Emp Code Missing | Branch '' not found,163
164,Siddipeth,5000082,TS_SID_612,abc@berarfinance.com,9876543210,0,100.0,,,Telangana,Medak,Medak,"House No. :18-76, Ground Floor ,","Next to John Deere showroom, Housing Board Colony",502103.0,0.0,0.0,60.0,1,2026-01-13 20:00:35.014271+05:30,,,,0.0,Emp Code Missing | Branch '' not found,164
165,Suryapet,5000320,TS_SUR_616,abc@berarfinance.com,9876543210,0,100.0,,,Telangana,Nalgonda,Nalgonda,H.No 1-6-141/34/A,MANNA CHURCH SURYAPET KHAMMAM ROAD,508213.0,0.0,0.0,60.0,1,2026-01-13 20:00:35.211171+05:30,,,,0.0,Emp Code Missing | Branch '' not found,165
166,Warangal,5000058,TS_WAR_604,abc@berarfinance.com,9876543210,0,100.0,,,Telangana,Warangal,Warangal,"Warangal City Center, 2Nd Floor,Mulgu Road","Industrial Estate, Opp.Sri.Sri.Auto(Hero),Warangal",506002.0,0.0,0.0,60.0,1,2026-01-13 20:00:35.403433+05:30,,,,0.0,Emp Code Missing | Branch '' not found,166
167,Keonjhar,Demo789,OR_BAR_722,abc@berarfinance.com,9876543210,0,100.0,,,na,na,na,na,na,444444.0,0.0,0.0,60.0,1,2026-01-13 20:00:36.182742+05:30,,,,0.0,Emp Code Missing | Branch '' not found,167
168,Nandyal,5000750,AP_NAN_808,abc@berarfinance.com,9876543210,0,100.0,,,Andhra Pradesh,Kurnool,Kurnool,"HOUSE NO 25-695-10-1B, FIRST FLOOR,","SRINIVASA NAGAR, REVENUE WARD NO 25, TTD ROAD,",518501.0,0.0,0.0,60.0,1,2026-01-13 20:00:36.463814+05:30,,,,0.0,Emp Code Missing | Branch '' not found,168
169,Saraikela,Demo123,DEMO123,abc@berarfinance.com,9876543210,0,100.0,,,,,,,,123456.0,0.0,0.0,60.0,1,2026-01-13 20:00:36.960577+05:30,,,,0.0,Emp Code Missing | Branch '' not found,169
170,Chandikhol,DEMO456,DEMO456,abc@berarfinance.com,9876543210,0,100.0,,,,,,,,123456.0,0.0,0.0,60.0,1,2026-01-13 20:00:37.163878+05:30,,,,0.0,Emp Code Missing | Branch '' not found,170
171,Bagalkot,5000526,KA_BAG_407,abc@berarfinance.com,9876543210,0,100.0,,,Karnataka,Bagalkot,Bagalkot,First floor,"Shop No FF66, Block G",587101.0,0.0,0.0,60.0,1,2026-01-13 20:02:14.14274+05:30,,,,0.0,Emp Code Missing | Branch '' not found,171
172,Eluru,DEM88,DEMO4572,abc1@berarfinance.com,4545454545,0,100.0,1212121212.0,abc1@berarfinance.com,Karnataka,Bagalkot,Bagalkot,First floor,"Shop No FF66, Block G",587101.0,0.0,0.0,60.0,1,2026-01-14 12:06:18.178778+05:30,,,,0.0,Emp Code Missing | Branch '' not found,172
173,Nellore,DEMO54,DEMO450,abc2@berarfinance.com,1511551515,0,100.0,1511551515.0,abc2@berarfinance.com,,,,,,123456.0,0.0,0.0,60.0,1,2026-01-14 12:06:18.392455+05:30,,,,0.0,Emp Code Missing | Branch '' not found,173
174,Kurnool,DEMO86,DEMO129,abc3@berarfinance.com,9876435550,0,100.0,9876435550.0,abc3@berarfinance.com,,,,,,123456.0,0.0,0.0,60.0,1,2026-01-14 12:06:18.598309+05:30,,,,0.0,Emp Code Missing | Branch '' not found,174
